name,value
PS,2
iPhone,4
nba,20
三星,2
三星 class: 科技,2
三星 inurl:163.com ,2
三星 site: mobile.163.com ,2
三星 site:163.com ,2
两会,40
两会 -高考,8
两会 class: 教育,4
两会 class: 新闻,2
两会 class: 金融,4
两会 entitle: 高考,2
两会 filetype: html,2
两会 intitle: 教育,2
两会 inure: qq.com,2
两会 site: qq.com,2
两会教育,2
两会行情,2
交通大学,4
军费预算,2
军费预算 filetype: doc,2
军费预算 filetype: htm,2
军费预算 filetype: html,4
军费预算 filetype: shtml,2
华为,2
日本,2
正常,2
汽车,2
汽车 inure: 163.com,2
汽车 inure: huanqiu.com,2
汽车 inure: qq.com,2
汽车 inurl:  qq.com,2
汽车 inurl: 163.com,4
汽车 site: 163.com,2
生化危机,4
电影,2
管理学,2
网页,2
美丽,2
美国,2
詹姆斯,3
詹姆斯 ,2
詹姆斯 class: 体育,3
詹姆斯 class: 运动,4
贵,2
贵州,17
贵州 广州,1
车展,4
车展 贵州,6
锤子科技,2
高考,6
黄金,2
黄金 class: 金融,2
