贵州 广州,1
贵州 广州,1
贵州,1
贵州,1
贵州,1
贵州,1
贵州,1
贵州,1
贵州,1
贵州,1
贵州,1
车展,1
车展,1
车展,1
车展,1
车展 贵州,1
车展 贵州,1
车展 贵州,1
车展 贵州,1
车展 贵州,1
车展 贵州,1
两会,1
两会,1
两会,1
两会,1
两会,1
两会,1
两会,1
两会,1
两会,1
两会,1
两会,1
两会,1
两会,1
两会,1
两会,1
两会,1
贵州,1
贵州,1
nba,1
nba,1
nba,1
nba,1
nba,1
nba,1
nba,1
nba,1
nba,1
nba,1
詹姆斯 ,1
詹姆斯 ,1
詹姆斯 class: 体育,1
詹姆斯 class: 运动,1
詹姆斯 class: 运动,1
詹姆斯 class: 运动,1
詹姆斯 class: 运动,1
詹姆斯 class: 体育,1
詹姆斯 class: 体育,1
nba,1
nba,1
正常,1
正常,1
nba,1
nba,1
汽车,1
汽车,1
汽车 inure: 163.com,1
汽车 inure: 163.com,1
汽车 inurl: 163.com,1
汽车 inurl: 163.com,1
汽车 site: 163.com,1
汽车 site: 163.com,1
汽车 inurl: 163.com,1
汽车 inurl: 163.com,1
汽车 inurl:  qq.com,1
汽车 inurl:  qq.com,1
汽车 inure: qq.com,1
汽车 inure: qq.com,1
汽车 inure: huanqiu.com,1
汽车 inure: huanqiu.com,1
两会,1
两会,1
两会 class: 新闻,1
两会 class: 新闻,1
军费预算,1
军费预算,1
军费预算 filetype: shtml,1
军费预算 filetype: shtml,1
军费预算 filetype: html,1
军费预算 filetype: html,1
军费预算 filetype: htm,1
军费预算 filetype: htm,1
军费预算 filetype: doc,1
军费预算 filetype: doc,1
军费预算 filetype: html,1
军费预算 filetype: html,1
美国,1
美国,1
黄金,1
黄金,1
黄金 class: 金融,1
黄金 class: 金融,1
两会,1
两会,1
nba,1
nba,1
nba,1
nba,1
两会,1
两会,1
高考,1
高考,1
高考,1
高考,1
高考,1
高考,1
贵,1
贵,1
贵州,1
贵州,1
詹姆斯,1
詹姆斯,1
詹姆斯,1
三星,1
三星,1
三星 class: 科技,1
三星 class: 科技,1
三星 site: mobile.163.com ,1
三星 site: mobile.163.com ,1
三星 site:163.com ,1
三星 site:163.com ,1
三星 inurl:163.com ,1
三星 inurl:163.com ,1
两会,1
两会,1
两会 class: 教育,1
两会 class: 教育,1
两会 site: qq.com,1
两会 site: qq.com,1
两会 inure: qq.com,1
两会 inure: qq.com,1
两会 entitle: 高考,1
两会 entitle: 高考,1
贵州,1
贵州,1
生化危机,1
生化危机,1
华为,1
华为,1
锤子科技,1
锤子科技,1
交通大学,1
交通大学,1
PS,1
PS,1
网页,1
网页,1
生化危机,1
生化危机,1
管理学,1
管理学,1
交通大学,1
交通大学,1
两会,1
两会,1
两会,1
两会,1
两会,1
两会,1
两会,1
两会,1
两会 class: 金融,1
两会 class: 金融,1
两会 class: 教育,1
两会 class: 教育,1
两会 intitle: 教育,1
两会 intitle: 教育,1
两会 filetype: html,1
两会 filetype: html,1
"两会教育",1
"两会教育",1
"两会行情",1
"两会行情",1
两会 -高考,1
两会 -高考,1
两会,1
两会,1
两会 -高考,1
两会 -高考,1
两会 class: 金融,1
两会 class: 金融,1
两会,1
两会,1
两会,1
两会,1
两会,1
两会,1
两会 -高考,1
两会 -高考,1
电影,1
电影,1
美丽,1
美丽,1
两会 -高考,1
两会 -高考,1
nba,1
nba,1
日本,1
日本,1
贵州,1
贵州,1
iPhone,1
iPhone,1
iPhone,1
iPhone,1
两会,1
两会,1
两会行情,1
两会行情,1
”两会行情“,1
”两会行情“,1
”两会行情“ 黄金,1
”两会行情“ 黄金,1
”两会行情“ 股市,1
”两会行情“ 股市,1
