03/04/17 08:54:47,两会,edu
03/04/17 08:54:58,两会,collection
03/04/17 12:46:25,贵州,ent
03/04/17 14:14:46,网页,edu
03/04/17 14:14:51,网页,edu
03/04/17 14:14:54,PS,tech
03/04/17 15:01:12,两会 class: 金融,finance
03/04/17 16:17:15,两会,collection
03/04/17 16:17:19,两会,edu
03/04/17 17:04:01,两会 -高考,collection
03/04/17 17:04:14,电影,ent
03/04/17 17:04:20,电影,ent
03/04/17 17:04:23,电影,ent
03/04/17 17:04:27,电影,ent
03/04/17 17:04:42,电影,ent
03/04/17 17:04:45,电影,ent
03/04/17 17:38:50,nba,sports
03/04/17 17:38:52,nba,mil
03/04/17 17:39:02,日本,mil
03/04/17 17:40:10,iPhone,ent
03/04/17 17:40:15,iPhone,tech
03/04/17 17:47:38,iPhone,ent
03/05/17 00:26:29,”两会行情“ 黄金,finance
